<?xml version="1.0" encoding="utf-8"?>
<languageexport>
  <languagegroup>
    <lang>
      <word_app>customSidebarBlocks</word_app>
      <word_pack>admin_customSidebarBlocks</word_pack>
      <word_key>do_raw_html</word_key>
      <word_default>Включить RAW HTML/JS?</word_default>
      <word_custom/>
      <word_default_version>30008</word_default_version>
      <word_custom_version/>
      <word_js>0</word_js>
    </lang>
    <lang>
      <word_app>customSidebarBlocks</word_app>
      <word_pack>admin_customSidebarBlocks</word_pack>
      <word_key>error_none_found</word_key>
      <word_default>Блоки не найдены с таким ID!</word_default>
      <word_custom/>
      <word_default_version>30008</word_default_version>
      <word_custom_version/>
      <word_js>0</word_js>
    </lang>
    <lang>
      <word_app>customSidebarBlocks</word_app>
      <word_pack>admin_customSidebarBlocks</word_pack>
      <word_key>error_no_id</word_key>
      <word_default>Нет при условии ID!</word_default>
      <word_custom/>
      <word_default_version>30008</word_default_version>
      <word_custom_version/>
      <word_js>0</word_js>
    </lang>
    <lang>
      <word_app>customSidebarBlocks</word_app>
      <word_pack>admin_customSidebarBlocks</word_pack>
      <word_key>perms</word_key>
      <word_default>Разрешение</word_default>
      <word_custom/>
      <word_default_version>30008</word_default_version>
      <word_custom_version/>
      <word_js>0</word_js>
    </lang>
    <lang>
      <word_app>customSidebarBlocks</word_app>
      <word_pack>admin_customSidebarBlocks</word_pack>
      <word_key>general_config</word_key>
      <word_default>Общие настройки</word_default>
      <word_custom/>
      <word_default_version>30008</word_default_version>
      <word_custom_version/>
      <word_js>0</word_js>
    </lang>
    <lang>
      <word_app>customSidebarBlocks</word_app>
      <word_pack>admin_customSidebarBlocks</word_pack>
      <word_key>boxed</word_key>
      <word_default>Boxed</word_default>
      <word_custom/>
      <word_default_version>30008</word_default_version>
      <word_custom_version/>
      <word_js>0</word_js>
    </lang>
    <lang>
      <word_app>customSidebarBlocks</word_app>
      <word_pack>admin_customSidebarBlocks</word_pack>
      <word_key>blocks_recached</word_key>
      <word_default>Кешировать блоки!</word_default>
      <word_custom/>
      <word_default_version>30008</word_default_version>
      <word_custom_version/>
      <word_js>0</word_js>
    </lang>
    <lang>
      <word_app>customSidebarBlocks</word_app>
      <word_pack>admin_customSidebarBlocks</word_pack>
      <word_key>recache_blocks</word_key>
      <word_default>Кешировать блоки</word_default>
      <word_custom/>
      <word_default_version>30008</word_default_version>
      <word_custom_version/>
      <word_js>0</word_js>
    </lang>
    <lang>
      <word_app>customSidebarBlocks</word_app>
      <word_pack>admin_customSidebarBlocks</word_pack>
      <word_key>enter_content_below</word_key>
      <word_default>Введите содержимое блока</word_default>
      <word_custom/>
      <word_default_version>30008</word_default_version>
      <word_custom_version/>
      <word_js>0</word_js>
    </lang>
    <lang>
      <word_app>customSidebarBlocks</word_app>
      <word_pack>admin_customSidebarBlocks</word_pack>
      <word_key>add_new_block</word_key>
      <word_default>Добавить новый блок</word_default>
      <word_custom/>
      <word_default_version>30008</word_default_version>
      <word_custom_version/>
      <word_js>0</word_js>
    </lang>
    <lang>
      <word_app>customSidebarBlocks</word_app>
      <word_pack>admin_customSidebarBlocks</word_pack>
      <word_key>delete_block</word_key>
      <word_default>Удалить блок</word_default>
      <word_custom/>
      <word_default_version>30008</word_default_version>
      <word_custom_version/>
      <word_js>0</word_js>
    </lang>
    <lang>
      <word_app>customSidebarBlocks</word_app>
      <word_pack>admin_customSidebarBlocks</word_pack>
      <word_key>block_added</word_key>
      <word_default>Блок добавлен!</word_default>
      <word_custom/>
      <word_default_version>30008</word_default_version>
      <word_custom_version/>
      <word_js>0</word_js>
    </lang>
    <lang>
      <word_app>customSidebarBlocks</word_app>
      <word_pack>admin_customSidebarBlocks</word_pack>
      <word_key>block_edited</word_key>
      <word_default><![CDATA[<%NAME%> Блок отредактирован!]]></word_default>
      <word_custom/>
      <word_default_version>30008</word_default_version>
      <word_custom_version/>
      <word_js>0</word_js>
    </lang>
    <lang>
      <word_app>customSidebarBlocks</word_app>
      <word_pack>admin_customSidebarBlocks</word_pack>
      <word_key>blocks_page</word_key>
      <word_default>Управление пользовательскими блоками</word_default>
      <word_custom/>
      <word_default_version>30008</word_default_version>
      <word_custom_version/>
      <word_js>0</word_js>
    </lang>
    <lang>
      <word_app>customSidebarBlocks</word_app>
      <word_pack>admin_customSidebarBlocks</word_pack>
      <word_key>block_deleted</word_key>
      <word_default>Блок удален!</word_default>
      <word_custom/>
      <word_default_version>30008</word_default_version>
      <word_custom_version/>
      <word_js>0</word_js>
    </lang>
    <lang>
      <word_app>customSidebarBlocks</word_app>
      <word_pack>admin_customSidebarBlocks</word_pack>
      <word_key>enter_content_below_exp</word_key>
      <word_default>HTML и BBCODE OK!</word_default>
      <word_custom/>
      <word_default_version>30008</word_default_version>
      <word_custom_version/>
      <word_js>0</word_js>
    </lang>
    <lang>
      <word_app>customSidebarBlocks</word_app>
      <word_pack>admin_customSidebarBlocks</word_pack>
      <word_key>options</word_key>
      <word_default>Функции</word_default>
      <word_custom/>
      <word_default_version>30008</word_default_version>
      <word_custom_version/>
      <word_js>0</word_js>
    </lang>
    <lang>
      <word_app>customSidebarBlocks</word_app>
      <word_pack>admin_customSidebarBlocks</word_pack>
      <word_key>image</word_key>
      <word_default>Изображение</word_default>
      <word_custom/>
      <word_default_version>30008</word_default_version>
      <word_custom_version/>
      <word_js>0</word_js>
    </lang>
    <lang>
      <word_app>customSidebarBlocks</word_app>
      <word_pack>admin_customSidebarBlocks</word_pack>
      <word_key>edit_block</word_key>
      <word_default>Редактировать блок</word_default>
      <word_custom/>
      <word_default_version>30008</word_default_version>
      <word_custom_version/>
      <word_js>0</word_js>
    </lang>
    <lang>
      <word_app>customSidebarBlocks</word_app>
      <word_pack>admin_customSidebarBlocks</word_pack>
      <word_key>editing</word_key>
      <word_default>Редактирование</word_default>
      <word_custom/>
      <word_default_version>30008</word_default_version>
      <word_custom_version/>
      <word_js>0</word_js>
    </lang>
    <lang>
      <word_app>customSidebarBlocks</word_app>
      <word_pack>admin_customSidebarBlocks</word_pack>
      <word_key>add_block</word_key>
      <word_default>Добавить блок</word_default>
      <word_custom/>
      <word_default_version>30008</word_default_version>
      <word_custom_version/>
      <word_js>0</word_js>
    </lang>
    <lang>
      <word_app>customSidebarBlocks</word_app>
      <word_pack>admin_customSidebarBlocks</word_pack>
      <word_key>adding_block</word_key>
      <word_default>Добавление нового пользовательского блока</word_default>
      <word_custom/>
      <word_default_version>30008</word_default_version>
      <word_custom_version/>
      <word_js>0</word_js>
    </lang>
    <lang>
      <word_app>customSidebarBlocks</word_app>
      <word_pack>admin_customSidebarBlocks</word_pack>
      <word_key>use_perms</word_key>
      <word_default>Используйте разрешение матрицы ниже?</word_default>
      <word_custom/>
      <word_default_version>30008</word_default_version>
      <word_custom_version/>
      <word_js>0</word_js>
    </lang>
    <lang>
      <word_app>customSidebarBlocks</word_app>
      <word_pack>admin_customSidebarBlocks</word_pack>
      <word_key>use_perms_exp</word_key>
      <word_default>Оставьте не игнорировать следующие настройки</word_default>
      <word_custom/>
      <word_default_version>30008</word_default_version>
      <word_custom_version/>
      <word_js>0</word_js>
    </lang>
    <lang>
      <word_app>customSidebarBlocks</word_app>
      <word_pack>admin_customSidebarBlocks</word_pack>
      <word_key>image_name</word_key>
      <word_default>Полное название изображения (с расширением).</word_default>
      <word_custom/>
      <word_default_version>30008</word_default_version>
      <word_custom_version/>
      <word_js>0</word_js>
    </lang>
    <lang>
      <word_app>customSidebarBlocks</word_app>
      <word_pack>admin_customSidebarBlocks</word_pack>
      <word_key>image_name_exp</word_key>
      <word_default><![CDATA[Работает с любым изображением в .public/style_images/master директории.  Вы также можете использовать изображения из подкаталога мастер, E.G. <i>new images/my_image.png</i>  в каталоге style_images/master папка.]]></word_default>
      <word_custom/>
      <word_default_version>30008</word_default_version>
      <word_custom_version/>
      <word_js>0</word_js>
    </lang>
    <lang>
      <word_app>customSidebarBlocks</word_app>
      <word_pack>admin_customSidebarBlocks</word_pack>
      <word_key>use_box_exp</word_key>
      <word_default>Не показывать содержимое связаное с HTML.</word_default>
      <word_custom/>
      <word_default_version>30008</word_default_version>
      <word_custom_version/>
      <word_js>0</word_js>
    </lang>
    <lang>
      <word_app>customSidebarBlocks</word_app>
      <word_pack>admin_customSidebarBlocks</word_pack>
      <word_key>use_box</word_key>
      <word_default>Использовать Таблицу/Граница/Название/Изображение?</word_default>
      <word_custom/>
      <word_default_version>30008</word_default_version>
      <word_custom_version/>
      <word_js>0</word_js>
    </lang>
    <lang>
      <word_app>customSidebarBlocks</word_app>
      <word_pack>admin_customSidebarBlocks</word_pack>
      <word_key>title_exp</word_key>
      <word_default>Отображение в заголовке блока.</word_default>
      <word_custom/>
      <word_default_version>30008</word_default_version>
      <word_custom_version/>
      <word_js>0</word_js>
    </lang>
    <lang>
      <word_app>customSidebarBlocks</word_app>
      <word_pack>admin_customSidebarBlocks</word_pack>
      <word_key>block_title</word_key>
      <word_default>Название блока</word_default>
      <word_custom/>
      <word_default_version>30008</word_default_version>
      <word_custom_version/>
      <word_js>0</word_js>
    </lang>
    <lang>
      <word_app>customSidebarBlocks</word_app>
      <word_pack>admin_customSidebarBlocks</word_pack>
      <word_key>block_details</word_key>
      <word_default>Детали блока</word_default>
      <word_custom/>
      <word_default_version>30008</word_default_version>
      <word_custom_version/>
      <word_js>0</word_js>
    </lang>
    <lang>
      <word_app>customSidebarBlocks</word_app>
      <word_pack>admin_customSidebarBlocks</word_pack>
      <word_key>display_content</word_key>
      <word_default>Отображение содержимого</word_default>
      <word_custom/>
      <word_default_version>30008</word_default_version>
      <word_custom_version/>
      <word_js>0</word_js>
    </lang>
    <lang>
      <word_app>customSidebarBlocks</word_app>
      <word_pack>admin_customSidebarBlocks</word_pack>
      <word_key>enabled</word_key>
      <word_default>Включить?</word_default>
      <word_custom/>
      <word_default_version>30008</word_default_version>
      <word_custom_version/>
      <word_js>0</word_js>
    </lang>
    <lang>
      <word_app>customSidebarBlocks</word_app>
      <word_pack>admin_customSidebarBlocks</word_pack>
      <word_key>enabled_exp</word_key>
      <word_default>Не включайте если не хотите показывать блок.</word_default>
      <word_custom/>
      <word_default_version>30008</word_default_version>
      <word_custom_version/>
      <word_js>0</word_js>
    </lang>
    <lang>
      <word_app>customSidebarBlocks</word_app>
      <word_pack>admin_customSidebarBlocks</word_pack>
      <word_key>custom_sidebar_blocks</word_key>
      <word_default>Пользовательские блоки</word_default>
      <word_custom/>
      <word_default_version>30008</word_default_version>
      <word_custom_version/>
      <word_js>0</word_js>
    </lang>
    <lang>
      <word_app>customSidebarBlocks</word_app>
      <word_pack>admin_customSidebarBlocks</word_pack>
      <word_key>do_raw_html_exp</word_key>
      <word_default>Если этот параметр включен, NO PARSING будет работать.  Удобно, если вы хотите показать только HTML / JavaScript например, поместить виджет или баннер.</word_default>
      <word_custom/>
      <word_default_version>30008</word_default_version>
      <word_custom_version/>
      <word_js>0</word_js>
    </lang>
    <lang>
      <word_app>customSidebarBlocks</word_app>
      <word_pack>admin_customSidebarBlocks</word_pack>
      <word_key>hide_collapse_ability</word_key>
      <word_default>Сворачивать блок?</word_default>
      <word_custom/>
      <word_default_version>30008</word_default_version>
      <word_custom_version/>
      <word_js>0</word_js>
    </lang>
    <lang>
      <word_app>customSidebarBlocks</word_app>
      <word_pack>admin_customSidebarBlocks</word_pack>
      <word_key>hide_collapse_ability_exp</word_key>
      <word_default>Если выключено, пользователь будет вынужден видеть блок.</word_default>
      <word_custom/>
      <word_default_version>30008</word_default_version>
      <word_custom_version/>
      <word_js>0</word_js>
    </lang>
    <lang>
      <word_app>customSidebarBlocks</word_app>
      <word_pack>admin_customSidebarBlocks</word_pack>
      <word_key>and_reload</word_key>
      <word_default>и предварительный просмотр</word_default>
      <word_custom/>
      <word_default_version>30008</word_default_version>
      <word_custom_version/>
      <word_js>0</word_js>
    </lang>
    <lang>
      <word_app>customSidebarBlocks</word_app>
      <word_pack>admin_customSidebarBlocks</word_pack>
      <word_key>preview</word_key>
      <word_default>Предварительный просмотр</word_default>
      <word_custom/>
      <word_default_version>30008</word_default_version>
      <word_custom_version/>
      <word_js>0</word_js>
    </lang>
    <lang>
      <word_app>customSidebarBlocks</word_app>
      <word_pack>admin_customSidebarBlocks</word_pack>
      <word_key>parsing_options</word_key>
      <word_default>Функции парсинга</word_default>
      <word_custom/>
      <word_default_version>30008</word_default_version>
      <word_custom_version/>
      <word_js>0</word_js>
    </lang>
    <lang>
      <word_app>customSidebarBlocks</word_app>
      <word_pack>admin_customSidebarBlocks</word_pack>
      <word_key>php_based</word_key>
      <word_default>Включить поддержку PHP?</word_default>
      <word_custom/>
      <word_default_version>30008</word_default_version>
      <word_custom_version/>
      <word_js>0</word_js>
    </lang>
    <lang>
      <word_app>customSidebarBlocks</word_app>
      <word_pack>admin_customSidebarBlocks</word_pack>
      <word_key>php_based_exp</word_key>
      <word_default><![CDATA[Если этот параметр включен,а Сырой режим выключен, все содержимое блока должна быть в PHP. Вы должны вернуть HTML, который будет отображаться, а не использовать, печать и т.д. И не использовать открытые / закрытие PHP тэги. <br />
Все стандартные объекты IPB доступны (реестр, базы данных, memberData, кэш, параметры запроса и т.д.).]]></word_default>
      <word_custom/>
      <word_default_version>30008</word_default_version>
      <word_custom_version/>
      <word_js>0</word_js>
    </lang>	
    <lang>
      <word_app>customSidebarBlocks</word_app>
      <word_pack>admin_customSidebarBlocks</word_pack>
      <word_key>export_block</word_key>
      <word_default>Экспорт блоков</word_default>
      <word_custom/>
      <word_default_version>30008</word_default_version>
      <word_custom_version/>
      <word_js>0</word_js>
    </lang>
    <lang>
      <word_app>customSidebarBlocks</word_app>
      <word_pack>admin_customSidebarBlocks</word_pack>
      <word_key>raw_mode</word_key>
      <word_default>Сырой режим?</word_default>
      <word_custom/>
      <word_default_version>30008</word_default_version>
      <word_custom_version/>
      <word_js>0</word_js>
    </lang>
    <lang>
      <word_app>customSidebarBlocks</word_app>
      <word_pack>admin_customSidebarBlocks</word_pack>
      <word_key>php_mode</word_key>
      <word_default>PHP мод?</word_default>
      <word_custom/>
      <word_default_version>30008</word_default_version>
      <word_custom_version/>
      <word_js>0</word_js>
    </lang>
    <lang>
      <word_app>customSidebarBlocks</word_app>
      <word_pack>admin_customSidebarBlocks</word_pack>
      <word_key>collapsible</word_key>
      <word_default>Скрывать?</word_default>
      <word_custom/>
      <word_default_version>30008</word_default_version>
      <word_custom_version/>
      <word_js>0</word_js>
    </lang>	
    <lang>
      <word_app>customSidebarBlocks</word_app>
      <word_pack>admin_customSidebarBlocks</word_pack>
      <word_key>hide_from_main_block</word_key>
      <word_default>Скрыть пользовательский блок?</word_default>
      <word_custom/>
      <word_default_version>30008</word_default_version>
      <word_custom_version/>
      <word_js>0</word_js>
    </lang>
    <lang>
      <word_app>customSidebarBlocks</word_app>
      <word_pack>admin_customSidebarBlocks</word_pack>
      <word_key>hide_from_main_block_exp</word_key>
      <word_default>Если да, то этот блок будет пропущен при отображении всех пользовательских блоков на главной (удобно, если вы экспортировали этот блок и импортировать полученный крюк и хотите использовать его вместо размещения).</word_default>
      <word_custom/>
      <word_default_version>30008</word_default_version>
      <word_custom_version/>
      <word_js>0</word_js>
    </lang>	
  </languagegroup>
</languageexport>