<?xml version="1.0" encoding="UTF-8"?>
<moduleexport>
  <modulegroup>
    <module>
      <sys_module_title>Пользовательские блоки</sys_module_title>
      <sys_module_application>customSidebarBlocks</sys_module_application>
      <sys_module_key>customSidebarBlocks</sys_module_key>
      <sys_module_description><![CDATA[Основной модуль для администратора (e&#036;30) Пользовательские блоки]]></sys_module_description>
      <sys_module_version>1.0.0</sys_module_version>
      <sys_module_parent/>
      <sys_module_protected>0</sys_module_protected>
      <sys_module_visible>1</sys_module_visible>
      <sys_module_tables/>
      <sys_module_hooks/>
      <sys_module_position>0</sys_module_position>
      <sys_module_admin>1</sys_module_admin>
    </module>	
  </modulegroup>
</moduleexport>