<?xml version="1.0" encoding="UTF-8"?>
<information>
	<data>
		<name><![CDATA[(e32) Пользовательские блоки]]></name>
		<public_name></public_name>
		<author>emoney</author>
		<description><![CDATA[Создание неограниченное кол-во пользовательских блоков в боковой панели вашего форума. Каждый блок полностью настраиваемый функционал с его собственной завивки группа, изображение, заголовок, тело, etc.]]></description>
	</data>
</information>