<?xml version="1.0" encoding="UTF-8"?>
<versions>
	<version>
		<human>0.9.9</human>
		<long>099</long>
	</version>
	<version>
		<human>1.0.0</human>
		<long>100</long>
	</version>
	<version>
		<human>1.1.0</human>
		<long>110</long>
	</version>
	<version>
		<human>1.1.1</human>
		<long>111</long>
	</version>	
	<version>
		<human>1.1.2</human>
		<long>112</long>
	</version>
	<version>
		<human>1.2.0</human>
		<long>120</long>
	</version>
	<version>
		<human>1.3.0</human>
		<long>130</long>
	</version>
	<version>
		<human>1.4.0</human>
		<long>140</long>
	</version>
	<version>
		<human>1.4.1</human>
		<long>141</long>
	</version>
	<version>
		<human>1.4.2</human>
		<long>142</long>
	</version>
	<version>
		<human>1.5.0</human>
		<long>150</long>
	</version>
	<version>
		<human>1.5.1</human>
		<long>151</long>
	</version>
	<version>
		<human>1.5.2</human>
		<long>152</long>
	</version>
	<version>
		<human>1.5.3</human>
		<long>153</long>
	</version>	
	<version>
		<human>1.5.4</human>
		<long>154</long>
	</version>	
	<version>
		<human>2.0.0</human>
		<long>200</long>
	</version>
	<version>
		<human>2.0.1</human>
		<long>201</long>
	</version>
	<version>
		<human>2.1.0</human>
		<long>210</long>
	</version>
	<version>
		<human>2.1.1</human>
		<long>211</long>
	</version>	
</versions>